{
  "circles": [
    {
      "centre": "Abigail",
      "members": [
        "Caroline",
        "Pierre",
        "Sam",
        "Sebastian",
        "Victor"
      ]
    },
    {
      "centre": "Aguar",
      "members": [
        "Maddie"
      ]
    },
    {
      "centre": "Aideen",
      "members": [
        "Evelyn"
      ]
    },
    {
      "centre": "Alex",
      "members": [
        "Evelyn",
        "George",
        "Haley"
      ]
    },
    {
      "centre": "Alissa",
      "members": [
        "Bert",
        "Olga",
        "Trinnie"
      ]
    },
    {
      "centre": "Andy",
      "members": [
        "MorrisTod",
        "George",
        "Susan"
      ]
    },
    {
      "centre": "Apples",
      "members": [
        "Krobus"
      ]
    },
    {
      "centre": "Bert",
      "members": [
        "Alissa",
        "Caroline",
        "Olga",
        "Trinnie"
      ]
    },
    {
      "centre": "Caroline",
      "members": [
        "Abigail",
        "Bert",
        "Pierre",
        "Jodi",
        "Olivia"
      ]
    },
    {
      "centre": "Claire",
      "members": [
        "Martin"
      ]
    },
    {
      "centre": "Clint",
      "members": [
        "Emily",
        "Willy",
        "Gunther"
      ]
    },
    {
      "centre": "Corine",
      "members": [
        "Ezekiel",
        "Keahi",
        "Pika",
        "Richard",
        "Ysabelle"
      ]
    },
    {
      "centre": "Demetrius",
      "members": [
        "Maru",
        "Robin",
        "Sebastian"
      ]
    },
    {
      "centre": "Dwarf",
      "members": [
        "Magnus",
        "Wizard"
      ]
    },
    {
      "centre": "Elliott",
      "members": [
        "Leah",
        "Willy"
      ]
    },
    {
      "centre": "Eloise",
      "members": [
        "Jacob",
        "Vincent",
        "Jas",
        "Penny"
      ]
    },
    {
      "centre": "Emily",
      "members": [
        "Clint",
        "Gus",
        "Haley",
        "Sandy",
        "Sophia"
      ]
    },
    {
      "centre": "Evelyn",
      "members": [
        "Alex",
        "Freddie",
        "George",
        "Lola"
      ]
    },
    {
      "centre": "Ezekiel",
      "members": [
        "Corine",
        "Kent",
        "Richard"
      ]
    },
    {
      "centre": "Flor",
      "members": [
        "Penny"
      ]
    },
    {
      "centre": "Freddie",
      "members": [
        "Evelyn",
        "George",
        "Lola"
      ]
    },
    {
      "centre": "George",
      "members": [
        "Alex",
        "Evelyn",
        "Freddie",
        "Lola",
        "Philip",
        "Andy"
      ]
    },
    {
      "centre": "Gunther",
      "members": [
        "Clint",
        "Gus",
        "Lewis",
        "Penny",
        "Willy"
      ]
    },
    {
      "centre": "Gus",
      "members": [
        "Emily",
        "Pam",
        "Gunther",
        "Sophia"
      ]
    },
    {
      "centre": "Haley",
      "members": [
        "Alex",
        "Emily",
        "Sophia"
      ]
    },
    {
      "centre": "Harvey",
      "members": [
        "Maru",
        "Philip"
      ]
    },
    {
      "centre": "Ian",
      "members": [
        "Lenny",
        "Lewis",
        "Pierre",
        "Richard",
        "Robin"
      ]
    },
    {
      "centre": "Jas",
      "members": [
        "Keahi",
        "Marnie",
        "Penny",
        "Shane",
        "Trinnie",
        "Vincent",
        "Morgan"
      ]
    },
    {
      "centre": "Jio",
      "members": [
        "Kiwi"
      ]
    },
    {
      "centre": "Jodi",
      "members": [
        "Kent",
        "Sam",
        "Vincent",
        "Caroline",
        "Olivia"
      ]
    },
    {
      "centre": "Josephine",
      "members": [
        "Oliver"
      ]
    },
    {
      "centre": "Juliet",
      "members": [
        "Jessie",
        "Rosa"
      ]
    },
    {
      "centre": "Keahi",
      "members": [
        "Jas",
        "Pika",
        "Trinnie",
        "Vincent"
      ]
    },
    {
      "centre": "Kent",
      "members": [
        "Ezekiel",
        "Jodi",
        "Sam",
        "Shiro",
        "Vincent"
      ]
    },
    {
      "centre": "Kiwi",
      "members": [
        "Jio"
      ]
    },
    {
      "centre": "Krobus",
      "members": [
        "Apples",
        "Marlon",
        "Magnus",
        "Wizard"
      ]
    },
    {
      "centre": "Lance",
      "members": [
        "Marlon"
      ]
    },
    {
      "centre": "Leah",
      "members": [
        "Elliott"
      ]
    },
    {
      "centre": "Lenny",
      "members": [
        "Ian",
        "Lewis"
      ]
    },
    {
      "centre": "Leo",
      "members": [
        "Jas",
        "Linus",
        "Penny",
        "Vincent"
      ]
    },
    {
      "centre": "Lewis",
      "members": [
        "Lenny",
        "Marnie",
        "Gunther",
        "Richard",
        "Susan"
      ]
    },
    {
      "centre": "Linus",
      "members": [
        "Magnus",
        "Wizard",
        "Jessie"
      ]
    },
    {
      "centre": "Lola",
      "members": [
        "Evelyn",
        "Freddie",
        "George"
      ]
    },
    {
      "centre": "Marlon",
      "members": [
        "Krobus",
        "Lance",
        "Magnus",
        "Wizard"
      ]
    },
    {
      "centre": "Marnie",
      "members": [
        "Jas",
        "Lewis",
        "Shane"
      ]
    },
    {
      "centre": "Martin",
      "members": [
        "Claire"
      ]
    },
    {
      "centre": "Maru",
      "members": [
        "Demetrius",
        "Harvey",
        "Penny",
        "Philip",
        "Robin",
        "Sebastian"
      ]
    },
    {
      "centre": "MorrisTod",
      "members": [
        "Andy"
      ]
    },
    {
      "centre": "Morgan",
      "members": [
        "Wizard",
        "Jas",
        "Vincent"
      ]
    },
    {
      "centre": "Olga",
      "members": [
        "Alissa",
        "Bert",
        "Trinnie"
      ]
    },
    {
      "centre": "Oliver",
      "members": [
        "Josephine"
      ]
    },
    {
      "centre": "Olivia",
      "members": [
        "Victor",
        "Caroline",
        "Pierre",
        "Jodi"
      ]
    },
    {
      "centre": "Pam",
      "members": [
        "Gus",
        "Penny"
      ]
    },
    {
      "centre": "Penny",
      "members": [
        "Flor",
        "Jas",
        "Maru",
        "Pam",
        "Sam",
        "Vincent",
        "Gunther",
        "Eloise"
      ]
    },
    {
      "centre": "Philip",
      "members": [
        "Harvey",
        "Maru"
      ]
    },
    {
      "centre": "Pierre",
      "members": [
        "Abigail",
        "Caroline",
        "Olivia"
      ]
    },
    {
      "centre": "Pika",
      "members": [
        "Corine",
        "Keahi"
      ]
    },
    {
      "centre": "Richard",
      "members": [
        "Corine",
        "Lewis",
        "Ysabelle"
      ]
    },
    {
      "centre": "Robin",
      "members": [
        "Demetrius",
        "Maru",
        "Sebastian",
        "Susan"
      ]
    },
    {
      "centre": "Sam",
      "members": [
        "Abigail",
        "Jodi",
        "Kent",
        "Penny",
        "Sebastian",
        "Vincent",
        "Victor"
      ]
    },
    {
      "centre": "Sandy",
      "members": [
        "Emily"
      ]
    },
    {
      "centre": "Scarlett",
      "members": [
        "Sophia"
      ]
    },
    {
      "centre": "Sebastian",
      "members": [
        "Abigail",
        "Demetrius",
        "Maru",
        "Robin",
        "Sam",
        "Victor"
      ]
    },
    {
      "centre": "Shane",
      "members": [
        "Jas",
        "Marnie"
      ]
    },
    {
      "centre": "Shiro",
      "members": [
        "Ezekiel",
        "Kent",
        "Philip",
        "Yuuma"
      ]
    },
    {
      "centre": "Sophia",
      "members": [
        "Emily",
        "Haley",
        "Gus",
        "Scarlett",
        "Victor"
      ]
    },
    {
      "centre": "Susan",
      "members": [
        "Andy",
        "Pierre",
        "Robin",
        "Lewis"
      ]
    },
    {
      "centre": "Trinnie",
      "members": [
        "Alissa",
        "Bert",
        "Jas",
        "Keahi",
        "Olga",
        "Vincent"
      ]
    },
    {
      "centre": "Vincent",
      "members": [
        "Jas",
        "Jodi",
        "Kent",
        "Penny",
        "Sam",
        "Morgan"
      ]
    },
    {
      "centre": "Willy",
      "members": [
        "Clint",
        "Elliott",
        "Gunther"
      ]
    },
    {
      "centre": "Wizard",
      "members": [
        "Dwarf",
        "Krobus",
        "Linus",
        "Marlon",
        "Morgan"
      ]
    },
    {
      "centre": "Victor",
      "members": [
        "Abigail",
        "Sam",
        "Sebastian",
        "Sophia",
        "Olivia"
      ]
    },
    {
      "centre": "Ysabelle",
      "members": [
        "Corine",
        "Richard"
      ]
    },
    {
      "centre": "Yuuma",
      "members": [
        "Philip",
        "Shiro"
      ]
    }
  ]
}
